"Here you will find the email opens and social views. Remember this will stay the same for all the properties. The info will be from the last 7 days. Sotoday and every Monday , you will inform with the data that was gathered from The previous week, so in this case you will inform from last week (april 6-10)",,,
,,,
Week ,Emails Opened,Social Views,
April 6 - 10,4920,222,
April 13-17,4618,444,
April 20-26,3267,222,
April 27 - May 3rd,"19,308",202,
May 4th - May 9th,"10,938",255,
May 11th-May 16th,8655,272,
May 18th - May 23rd,6616,255,
May 25th - May 31st,3000,222,
June 1st - June 6th,7631,272,
June 8th - June 14,3637,220,
June 1th-June 21st,6187,233,
June 22nd - June 28,3240,190,
June 29 - July 5h,3004,200,
July 6th - July 12th,8191,210,
July 13th - July 19th,4204,200,don't put social views for 540 Northeast 74th Street unless showing feedback form indicates
July 20 - July 26,5240,222,
July 27 - Aug 2,7943,200,
Aug 3 - Aug 9,7540,210,
Aug 10 - Aug 16,7204,221,
Aug 17 - Aug 23,7000,230,
Aug 24 - Aug 30,7223,221,
Sept 7 - Sept 13,6778,230,
Sept 14 - Sept 20,8858,210,
Sept 21 - Sept 27,5752,220,